"ta_mu_before","ta_mu_after","ta_rho_before","ta_rho_after","sl_shape_before","sl_shape_after","sl_scale_before","sl_scale_after"
-0.0374634912574685,-2.36677637121846,0.719845649839389,0.190183981399698,1.56104588799688,1.16813831267896,0.159458953835271,0.0635050543335818
